mean,sd,GLM
0.0530983676501932,0.0246351615175839,within
0.0449987742339525,0.0129954146290789,between
0.810820837381095,0.0635883923831892,within-control
0.0910820207409565,0.0487953973389645,between-control
