mean,sd,GLM
0.099858750943789,0.012621375398343,between
0.035719630412501,0.025782860801932,within
0.035744433749538,0.00840106722165,within-control
0.828677187090884,0.126230351319305,between-control
